PATH_LENGTH,ANGLE_INCREMENT,NUMBER_RADIATION_ANGLES,HRRPUA,SOOT_YIELD,RADIATIVE_FRACTION,TMPA,EMISSIVITY_Burner,EMISSIVITY_Panel
1.0,5.0,869.5569903925085,380.2944345780913,0.02740860789752009,0.34260759871900115,22.825949839875143,0.9624620313050851,0.9624620313050851
0.1,1.0,507.1546364913132,326.65888620071433,0.023542982789240673,0.2942872848655084,16.785910608188555,0.8859548677037217,0.8859548677037217
