PATH_LENGTH,ANGLE_INCREMENT,NUMBER_RADIATION_ANGLES,HRRPUA,SOOT_YIELD,RADIATIVE_FRACTION,TMPA,EMISSIVITY_Burner,EMISSIVITY_Panel
1.0,5.0,180.99358367095778,278.38705038330176,0.02006393155915688,0.25079914448946106,11.34989306118263,0.8170986454416467,0.8170986454416467
0.1,5.0,940.0889600622237,390.73316608920913,0.028160948907330386,0.3520118613416298,24.001482667703726,0.9773521137909139,0.9773521137909139
